Quantity | Value | Value2Show | MPN | Manufacturer | References
1 | L7805 | L7805 | LM7805MPX/NOPB | Texas Instruments | Reg1
2 | C_100nF | 100nF | 885012207098 | Wurth Elektronik | C1,C2
1 | LED | Red led | APT2012SRCPRV | Kingbright | D2
1 | R_1K | 1K | ESR10EZPJ102 | Rohm | R1
1 | PinHeader_1x2 | PinHeader_1x2 | 826646-2 | TE Connectivity | J3
1 | D_1A | 1A | SA4-W | Rectron | D1
1 | Conn2P_PCB | Conn2P_PCB | 1746978 | Phoenix Contact | J2
1 | Conn2P_Cable | Conn2P_Cable | 1757019  | Phoenix Contact | J1
