<?xml version="1.0" encoding="UTF-8" standalone="no"?>
<synergyConfiguration>
  <generalSettings>
    <option key="#pinconfiguration#" value="TB_S1JA.pincfg"/>
    <option key="#Board#" value="board.s1ja_tb"/>
    <option key="CPU" value="S1JA"/>
    <option key="#TargetName#" value="R7FS1JA783A01CFM"/>
    <option key="#TargetARCHITECTURE#" value="cortex-m23"/>
    <option key="#RTOS#" value="Express Logic ThreadX"/>
    <option key="#SSPVersion#" value="1.7.5"/>
    <option key="#DefaultLinkerScript#" value="s1ja.ld"/>
    <option key="#ConfigurationFragments#" value="Renesas##BSP##Board##s1ja_tb##"/>
    <option key="#SELECTED_TOOLCHAIN#" value="gcc-arm-embedded"/>
  </generalSettings>
  <synergyBspConfiguration>
    <config id="config.bsp.s1ja.R7FS1JA783A01CFM">
      <property id="config.bsp.part_number" value="config.bsp.part_number.value"/>
      <property id="config.bsp.rom_size_bytes" value="config.bsp.rom_size_bytes.value"/>
      <property id="config.bsp.ram_size_bytes" value="config.bsp.ram_size_bytes.value"/>
      <property id="config.bsp.data_flash_size_bytes" value="config.bsp.data_flash_size_bytes.value"/>
      <property id="config.bsp.package_style" value="config.bsp.package_style.value"/>
      <property id="config.bsp.package_pins" value="config.bsp.package_pins.value"/>
    </config>
    <config id="config.bsp.s1ja">
      <property id="config.bsp.series" value="config.bsp.series.value"/>
    </config>
    <config id="config.bsp.s1ja.ssp">
      <property id="config.bsp.s1ja.ssp.OFS0" value="config.bsp.s1ja.ssp.OFS0_Register.default"/>
      <property id="config.bsp.s1ja.ssp.OFS0.iwdt_start_mode" value="config.bsp.s1ja.ssp.OFS0.iwdt_start_mode.disabled"/>
      <property id="config.bsp.s1ja.ssp.OFS0.iwdt_timeout" value="config.bsp.s1ja.ssp.OFS0.iwdt_timeout.2048"/>
      <property id="config.bsp.s1ja.ssp.OFS0.iwdt_divisor" value="config.bsp.s1ja.ssp.OFS0.iwdt_divisor.128"/>
      <property id="config.bsp.s1ja.ssp.OFS0.iwdt_window_end" value="config.bsp.s1ja.ssp.OFS0.iwdt_window_end.0"/>
      <property id="config.bsp.s1ja.ssp.OFS0.iwdt_window_start" value="config.bsp.s1ja.ssp.OFS0.iwdt_window_start.100"/>
      <property id="config.bsp.s1ja.ssp.OFS0.iwdt_reset_interrupt" value="config.bsp.s1ja.ssp.OFS0.iwdt_reset_interrupt.Reset"/>
      <property id="config.bsp.s1ja.ssp.OFS0.iwdt_stop_control" value="config.bsp.s1ja.ssp.OFS0.iwdt_stop_control.stops"/>
      <property id="config.bsp.s1ja.ssp.OFS0.wdt_start_mode" value="config.bsp.s1ja.ssp.OFS0.wdt_start_mode.register"/>
      <property id="config.bsp.s1ja.ssp.OFS0.wdt_timeout" value="config.bsp.s1ja.ssp.OFS0.wdt_timeout.16384"/>
      <property id="config.bsp.s1ja.ssp.OFS0.wdt_divisor" value="config.bsp.s1ja.ssp.OFS0.wdt_divisor.128"/>
      <property id="config.bsp.s1ja.ssp.OFS0.wdt_window_end" value="config.bsp.s1ja.ssp.OFS0.wdt_window_end.0"/>
      <property id="config.bsp.s1ja.ssp.OFS0.wdt_window_start" value="config.bsp.s1ja.ssp.OFS0.wdt_window_start.100"/>
      <property id="config.bsp.s1ja.ssp.OFS0.wdt_reset_interrupt" value="config.bsp.s1ja.ssp.OFS0.wdt_reset_interrupt.Reset"/>
      <property id="config.bsp.s1ja.ssp.OFS0.wdt_stop_control" value="config.bsp.s1ja.ssp.OFS0.wdt_stop_control.stops"/>
      <property id="config.bsp.s1ja.ssp.OFS1" value="config.bsp.s1ja.ssp.OFS1_Register.default"/>
      <property id="config.bsp.s1ja.ssp.OFS1.voltage_detection0.start" value="config.bsp.s1ja.ssp.OFS1.voltage_detection0.start.disabled"/>
      <property id="config.bsp.s1ja.ssp.OFS1.voltage_detection0_level" value="config.bsp.s1ja.ssp.OFS1.voltage_detection0_level.190"/>
      <property id="config.bsp.s1ja.ssp.OFS1.hoco_osc" value="config.bsp.s1ja.ssp.OFS1.hoco_osc.disabled"/>
      <property id="config.bsp.s1ja.ssp.mpu_pc0_enable" value="config.bsp.s1ja.ssp.mpu_pc0_enable.disabled"/>
      <property id="config.bsp.s1ja.ssp.mpu_pc0_start" value="0x000FFFFC"/>
      <property id="config.bsp.s1ja.ssp.mpu_pc0_end" value="0x000FFFFF"/>
      <property id="config.bsp.s1ja.ssp.mpu_pc1_enable" value="config.bsp.s1ja.ssp.mpu_pc1_enable.disabled"/>
      <property id="config.bsp.s1ja.ssp.mpu_pc1_start" value="0x000FFFFC"/>
      <property id="config.bsp.s1ja.ssp.mpu_pc1_end" value="0x000FFFFF"/>
      <property id="config.bsp.s1ja.ssp.mpu_reg0_enable" value="config.bsp.s1ja.ssp.mpu_reg0_enable.disabled"/>
      <property id="config.bsp.s1ja.ssp.mpu_reg0_start" value="0x000FFFFC"/>
      <property id="config.bsp.s1ja.ssp.mpu_reg0_end" value="0x000FFFFF"/>
      <property id="config.bsp.s1ja.ssp.mpu_reg1_enable" value="config.bsp.s1ja.ssp.mpu_reg1_enable.disabled"/>
      <property id="config.bsp.s1ja.ssp.mpu_reg1_start" value="0x200FFFFC"/>
      <property id="config.bsp.s1ja.ssp.mpu_reg1_end" value="0x200FFFFF"/>
      <property id="config.bsp.s1ja.ssp.mpu_reg2_enable" value="config.bsp.s1ja.ssp.mpu_reg2_enable.disabled"/>
      <property id="config.bsp.s1ja.ssp.mpu_reg2_start" value="0x407FFFFC"/>
      <property id="config.bsp.s1ja.ssp.mpu_reg2_end" value="0x400DFFFF"/>
      <property id="config.bsp.s1ja.ssp.mpu_reg3_enable" value="config.bsp.s1ja.ssp.mpu_reg3_enable.disabled"/>
      <property id="config.bsp.s1ja.ssp.mpu_reg3_start" value="0x400DFFFC"/>
      <property id="config.bsp.s1ja.ssp.mpu_reg3_end" value="0x400DFFFF"/>
    </config>
    <config id="config.bsp.synergy">
      <property id="config.bsp.common.main" value="0x1000"/>
      <property id="config.bsp.common.process" value="0"/>
      <property id="config.bsp.common.heap" value="0x1000"/>
      <property id="config.bsp.common.vcc" value="3300"/>
      <property id="config.bsp.common.avcc0" value="3300"/>
      <property id="config.bsp.common.checking" value="config.bsp.common.checking.enabled"/>
      <property id="config.bsp.common.assert" value="config.bsp.common.assert.none"/>
      <property id="config.bsp.common.error_log" value="config.bsp.common.error_log.none"/>
      <property id="config.bsp.common.id_mode" value="config.bsp.common.id_mode.unlocked"/>
      <property id="config.bsp.common.id_code" value="FFFFFFFFFFFFFFFFFFFFFFFFFFFFFFFF"/>
      <property id="config.bsp.common.id1" value=""/>
      <property id="config.bsp.common.id2" value=""/>
      <property id="config.bsp.common.id3" value=""/>
      <property id="config.bsp.common.id4" value=""/>
      <property id="config.bsp.common.id_fixed" value=""/>
    </config>
  </synergyBspConfiguration>
  <synergyClockConfiguration>
    <node id="board.clock.xtal.freq" mul="12000000" option="_edit"/>
    <node id="board.clock.hoco.freq" option="board.clock.hoco.freq.48m"/>
    <node id="board.clock.loco.freq" option="board.clock.loco.freq.32768"/>
    <node id="board.clock.moco.freq" option="board.clock.moco.freq.8m"/>
    <node id="board.clock.subclk.freq" option="board.clock.subclk.freq.32768"/>
    <node id="board.clock.clock.source" option="board.clock.clock.source.hoco"/>
    <node id="board.clock.iclk.div" option="board.clock.iclk.div.2"/>
    <node id="board.clock.iclk.display" option="board.clock.iclk.display.value"/>
    <node id="board.clock.pclkb.div" option="board.clock.pclkb.div.2"/>
    <node id="board.clock.pclkb.display" option="board.clock.pclkb.display.value"/>
    <node id="board.clock.pclkd.div" option="board.clock.pclkd.div.1"/>
    <node id="board.clock.pclkd.display" option="board.clock.pclkd.display.value"/>
    <node id="board.clock.fclk.div" option="board.clock.fclk.div.2"/>
    <node id="board.clock.fclk.display" option="board.clock.fclk.display.value"/>
    <node id="board.clock.uclk.display" option="board.clock.uclk.display.value"/>
    <node id="board.clock.sdadcclk.source" option="board.clock.sdadcclk.source.hoco"/>
    <node id="board.clock.sdadcclk.div" option="board.clock.sdadcclk.div.12"/>
    <node id="board.clock.sdadcclk.display" option="board.clock.sdadcclk.display.value"/>
  </synergyClockConfiguration>
  <synergyComponentSelection>
    <component apiversion="" class="Common" condition="" group="all" subgroup="ssp_common" variant="" vendor="Renesas" version="1.7.5">
      <description>SSP Common Code</description>
      <originalPack>Renesas.Synergy.1.7.5.pack</originalPack>
    </component>
    <component apiversion="" class="HAL Drivers" condition="" group="all" subgroup="r_cgc" variant="" vendor="Renesas" version="1.7.5">
      <description>Clock Generation Circuit: Provides=[CGC]</description>
      <originalPack>Renesas.Synergy.1.7.5.pack</originalPack>
    </component>
    <component apiversion="" class="HAL Drivers" condition="" group="all" subgroup="r_elc" variant="" vendor="Renesas" version="1.7.5">
      <description>Event Link Controller: Provides=[ELC]</description>
      <originalPack>Renesas.Synergy.1.7.5.pack</originalPack>
    </component>
    <component apiversion="" class="HAL Drivers" condition="" group="all" subgroup="r_fmi" variant="" vendor="Renesas" version="1.7.5">
      <description>Factory MCU Information Module: Provides=[FMI]</description>
      <originalPack>Renesas.Synergy.1.7.5.pack</originalPack>
    </component>
    <component apiversion="" class="HAL Drivers" condition="" group="all" subgroup="r_ioport" variant="" vendor="Renesas" version="1.7.5">
      <description>I/O Port: Provides=[IO Port]</description>
      <originalPack>Renesas.Synergy.1.7.5.pack</originalPack>
    </component>
    <component apiversion="" class="BSP" condition="" group="Board" subgroup="s1ja_tb" variant="" vendor="Renesas" version="1.7.5">
      <description>S1JA_TB Board Support Files</description>
      <originalPack>Renesas.Synergy_board_s1ja_tb.1.7.5.pack</originalPack>
    </component>
    <component apiversion="" class="BSP" condition="" group="s1ja" subgroup="device" variant="R7FS1JA783A01CFM" vendor="Renesas" version="1.7.5">
      <description>Board support package for R7FS1JA783A01CFM</description>
      <originalPack>Renesas.Synergy_mcu_s1ja.1.7.5.pack</originalPack>
    </component>
    <component apiversion="" class="BSP" condition="" group="s1ja" subgroup="device" variant="" vendor="Renesas" version="1.7.5">
      <description>Board support package for S1JA</description>
      <originalPack>Renesas.Synergy_mcu_s1ja.1.7.5.pack</originalPack>
    </component>
    <component apiversion="" class="BSP" condition="" group="s1ja" subgroup="ssp" variant="" vendor="Renesas" version="1.7.5">
      <description>Board support package for S1JA</description>
      <originalPack>Renesas.Synergy_mcu_s1ja.1.7.5.pack</originalPack>
    </component>
    <component apiversion="" class="Projects" condition="" group="all" subgroup="Blinky" variant="" vendor="Renesas" version="1.7.5">
      <description>Simple application that blinks an LED. No RTOS included</description>
      <originalPack>Renesas.SynergyBlinky.1.7.5.pack</originalPack>
    </component>
  </synergyComponentSelection>
  <synergyModuleConfiguration>
    <context id="_hal.0">
      <module id="module.driver.cgc_on_cgc.0"/>
      <module id="module.driver.elc_on_elc.0"/>
      <module id="module.driver.ioport_on_ioport.0"/>
      <module id="module.driver.fmi_on_fmi.0"/>
    </context>
  </synergyModuleConfiguration>
<synergyPinConfiguration>
    <pincfg active="false" name="R7FS1JA783A01CFM.pincfg" symbol="g_bsp_pin_cfg"/>
    <pincfg active="true" name="TB_S1JA.pincfg" symbol="g_bsp_pin_cfg"/>
  </synergyPinConfiguration>
</synergyConfiguration>
